{
  "canvasSize": [
    960, 500
  ],
  "simpleBoxes": [
    [ 140.000000, 20.000000, 120.000000, 200.000000, [  30, 0.30, 0.90 ] ],
    [ 280.000000, 20.000000, 120.000000, 400.000000, [ 120, 0.50, 0.80 ] ],
    [ 420.000000, 50.000000, 120.000000, 800.000000, [ 240, 0.90, 0.70 ] ]
  ]
}